[null,{"name":"ping","permissions":"NONE","permissions2":"NONE","restriction":"1","_id":"mhhWd","actions":[{"type":"6","storage":"1","varName":"time","name":"Store Time Info"},{"storage":"${tempVars(\"time\")}","comparison":"3","value":"500","value2":"","branch":{"iftrue":"0","iffalse":"2","iffalseVal":"5"},"descriptioncolor":"#ffffff","description":"","descriptionx":false,"name":"Check Info MOD"},{"channel":"0","varName":"","message":"","buttons":[],"selectMenus":[],"attachments":[],"embeds":[{"title":"🏓 Понг","url":"","color":"#1eff00","colorrandom":false,"timestamp":false,"timestampper":"","imageUrl":"","thumbUrl":"","description":"**🟢 Время отклика: ${tempVars(\"time\")}мс**","fields":[],"author":"","authorUrl":"","authorIcon":"","footerText":"","footerIconUrl":"","formula":"0","val1":"","comparar":"1","val2":""}],"reply":true,"ephemeral":false,"tts":false,"overwrite":false,"dontSend":false,"editMessage":"0","editMessageVarName":"","storage":"0","varName2":"","iffalse":"0","iffalseVal":"","descriptioncolor":"#ffffff","description":"","descriptionx":false,"storagewebhook":"0","varwebhook":"","webhookname":"","webhookavatar":"","messageoff":true,"mentions":true,"actionsError":[],"storageError":"0","varNameError":"","errcmd":true,"editweb":"","removeComps":false,"removeEmbeds":false,"removeAttachments":false,"removeCompsE":false,"removeEmbedsE":false,"removeAttachmentsE":false,"di":false,"name":"Send Message"},{"name":"End Action Sequence"},{"channel":"0","varName":"","message":"","buttons":[],"selectMenus":[],"attachments":[],"embeds":[{"title":"🏓 Понг","url":"","color":"#ff0000","colorrandom":false,"timestamp":false,"timestampper":"","imageUrl":"","thumbUrl":"","description":"**🔴 Время отклика: ${tempVars(\"time\")}мс**","fields":[],"author":"","authorUrl":"","authorIcon":"","footerText":"","footerIconUrl":"","formula":"0","val1":"","comparar":"1","val2":""}],"reply":true,"ephemeral":false,"tts":false,"overwrite":false,"dontSend":false,"editMessage":"0","editMessageVarName":"","storage":"0","varName2":"","iffalse":"0","iffalseVal":"","descriptioncolor":"#ffffff","description":"","descriptionx":false,"storagewebhook":"0","varwebhook":"","webhookname":"","webhookavatar":"","messageoff":true,"mentions":true,"actionsError":[],"storageError":"0","varNameError":"","errcmd":true,"editweb":"","removeComps":false,"removeEmbeds":false,"removeAttachments":false,"removeCompsE":false,"removeEmbedsE":false,"removeAttachmentsE":false,"di":false,"name":"Send Message"}],"comType":"4","description":"Проверить скорость отклика"},{"name":"инвайт","permissions":"ADMINISTRATOR","permissions2":"NONE","restriction":"1","_id":"sIBsX","actions":[{"channel":"0","varName":"","message":"","buttons":[{"name":"Подать заявку","typeper":"","type":"SECONDARY","id":"msg-button-72c44b7","row":"","url":"","emoji":"","mode":"PERSISTENT","time":"","actions":[{"title":"Модальное окно","textInputs":[{"formato":"0","formula":"0","val1":"","comparar":"1","val2":"","name":"Имя и возраст","placeholder":"","value":"","minLength":"1","maxLength":"1000","row":"","style":"SHORT","required":"true","storage":"1","varName":"имя"},{"formato":"0","formula":"0","val1":"","comparar":"1","val2":"","name":"В какой состоите фамке или фракции","placeholder":"","value":"","minLength":"1","maxLength":"1000","row":"","style":"SHORT","required":"true","storage":"1","varName":"фамк"},{"formato":"0","formula":"0","val1":"","comparar":"1","val2":"","name":"Есть ли опыт в модерации?","placeholder":"","value":"","minLength":"1","maxLength":"1000","row":"","style":"SHORT","required":"true","storage":"1","varName":"опыт"},{"formato":"0","formula":"0","val1":"","comparar":"1","val2":"","name":"Какой сервер хотите модерировать?","placeholder":"Только 1 сервер","value":"","minLength":"1","maxLength":"1000","row":"","style":"SHORT","required":"true","storage":"1","varName":"сервер"}],"description":"","descriptionx":false,"descriptioncolor":"#ffffff","errcmd":true,"iffalse":"0","iffalseVal":"","storageError":"0","varNameError":"","actionsError":[],"name":"Show Modal MOD"},{"channel":"103","varName":"1345343332347543662","message":"Подал заявку - ${member}\n<@&1342968470043754517>","buttons":[],"selectMenus":[],"attachments":[],"embeds":[{"title":"","url":"","color":"","colorrandom":false,"timestamp":true,"timestampper":"","imageUrl":"","thumbUrl":"","description":"**Имя и возраст:**\n${tempVars(\"имя\")}\n\n**В какой состоите фамке или фракции:**\n${tempVars(\"фамк\")}\n\n**Есть ли опыт в модерации:**\n${tempVars(\"опыт\")}\n\n**Какой сервер хотите модерировать?:**\n${tempVars(\"сервер\")}","fields":[],"author":"","authorUrl":"","authorIcon":"","footerText":"✅ - Принята | ❌ - Отклонена","footerIconUrl":"","formula":"0","val1":"","comparar":"1","val2":""}],"reply":true,"ephemeral":false,"tts":false,"overwrite":false,"dontSend":false,"editMessage":"0","editMessageVarName":"","storage":"0","varName2":"","iffalse":"0","iffalseVal":"","descriptioncolor":"#ffffff","description":"","descriptionx":false,"storagewebhook":"0","varwebhook":"","webhookname":"","webhookavatar":"","messageoff":true,"mentions":true,"actionsError":[],"storageError":"0","varNameError":"","errcmd":true,"editweb":"","removeComps":false,"removeEmbeds":false,"removeAttachments":false,"removeCompsE":false,"removeEmbedsE":false,"removeAttachmentsE":false,"di":false,"name":"Send Message"}],"val1":"","val2":"","comparar":"1","formula":"0"}],"selectMenus":[],"attachments":[],"embeds":[{"title":"","url":"","color":"","colorrandom":false,"timestamp":false,"timestampper":"","imageUrl":"https://i.imgur.com/gIqBd2r.png","thumbUrl":"","description":"## Открыты заявление на пост модератора!\n_Модератор - человек, занимающийся публикацией новостей жизни своего сервера_","fields":[{"name":"Для того, чтобы попасть на эту должность от вас требуется:","value":"*Желание и активность.\nАдекватность и грамотность.\nУмение собирать информацию.*","inline":"false","val1":"","val2":"","comparar":"1","formula":"0"},{"name":"Что тебя ждёт на данной должности:","value":"*Карьерный рост.\nВайбовое общение среди коллектива.\nПочет и уважение от участников сервера.*","inline":"false","val1":"","val2":"","comparar":"1","formula":"0"}],"author":"","authorUrl":"","authorIcon":"","footerText":"","footerIconUrl":"","formula":"0","val1":"","comparar":"1","val2":""}],"reply":true,"ephemeral":false,"tts":false,"overwrite":false,"dontSend":false,"editMessage":"2","editMessageVarName":"текст","storage":"0","varName2":"","iffalse":"0","iffalseVal":"","descriptioncolor":"#ffffff","description":"","descriptionx":false,"storagewebhook":"0","varwebhook":"","webhookname":"","webhookavatar":"","messageoff":true,"mentions":true,"actionsError":[],"storageError":"0","varNameError":"","errcmd":true,"editweb":"","removeComps":false,"removeEmbeds":false,"removeAttachments":false,"removeCompsE":false,"removeEmbedsE":false,"removeAttachmentsE":false,"di":false,"name":"Send Message"},{"storage":"0","varName":"","reason":"","name":"Delete Message"}],"comType":"0"},{"name":"предложка","permissions":"ADMINISTRATOR","permissions2":"NONE","restriction":"1","_id":"krprk","actions":[{"channel":"0","varName":"","message":"","buttons":[{"name":"Предложить новость","typeper":"","type":"SECONDARY","id":"msg-button-a0fb683","row":"","url":"","emoji":"","mode":"PERSISTENT","time":"","actions":[{"title":"Модальное окно","textInputs":[{"formato":"0","formula":"0","val1":"","comparar":"1","val2":"","name":"Напишите свою новость","placeholder":"","value":"","minLength":"1","maxLength":"1000","row":"","style":"SHORT","required":"true","storage":"1","varName":"новость"},{"formato":"0","formula":"0","val1":"","comparar":"1","val2":"","name":"Истоник","placeholder":"Если нету источника, то просто -","value":"","minLength":"1","maxLength":"1000","row":"","style":"SHORT","required":"true","storage":"1","varName":"источник"}],"description":"","descriptionx":false,"descriptioncolor":"#ffffff","errcmd":true,"iffalse":"0","iffalseVal":"","storageError":"0","varNameError":"","actionsError":[],"name":"Show Modal MOD"},{"channel":"103","varName":"1345343312995029002","message":"Предложил новость - ${member}\n<@&1342967238222811187>","buttons":[],"selectMenus":[],"attachments":[],"embeds":[{"title":"","url":"","color":"","colorrandom":false,"timestamp":true,"timestampper":"","imageUrl":"","thumbUrl":"","description":"**Новость:**\n${tempVars(\"новость\")}\n\n**Источник:**\n${tempVars(\"источник\")}","fields":[],"author":"","authorUrl":"","authorIcon":"","footerText":"","footerIconUrl":"","formula":"0","val1":"","comparar":"1","val2":""}],"reply":true,"ephemeral":false,"tts":false,"overwrite":false,"dontSend":false,"editMessage":"0","editMessageVarName":"","storage":"0","varName2":"","iffalse":"0","iffalseVal":"","descriptioncolor":"#ffffff","description":"","descriptionx":false,"storagewebhook":"0","varwebhook":"","webhookname":"","webhookavatar":"","messageoff":true,"mentions":true,"actionsError":[],"storageError":"0","varNameError":"","errcmd":true,"editweb":"","removeComps":false,"removeEmbeds":false,"removeAttachments":false,"removeCompsE":false,"removeEmbedsE":false,"removeAttachmentsE":false,"di":false,"name":"Send Message"}],"val1":"","val2":"","comparar":"1","formula":"0"}],"selectMenus":[],"attachments":[],"embeds":[{"title":"Частенько смотришь стримы игроков и медиа, находишь баги, фичи, факты и разные статистики, собираешь сплетни и другой эксклюзивный контент — обязательно присылай и за достойный материал можешь получать награду.","url":"","color":"","colorrandom":false,"timestamp":false,"timestampper":"","imageUrl":"https://i.imgur.com/RpTu5GE.png","thumbUrl":"","description":"","fields":[],"author":"","authorUrl":"","authorIcon":"","footerText":"Резонансные и забавные клипы с твич-потоков обладают большей ценностью. Если вам не отвечают — информация неинтересна.","footerIconUrl":"","formula":"0","val1":"","comparar":"1","val2":""}],"reply":true,"ephemeral":false,"tts":false,"overwrite":false,"dontSend":false,"editMessage":"0","editMessageVarName":"","storage":"0","varName2":"","iffalse":"0","iffalseVal":"","descriptioncolor":"#ffffff","description":"","descriptionx":false,"storagewebhook":"0","varwebhook":"","webhookname":"","webhookavatar":"","messageoff":true,"mentions":true,"actionsError":[],"storageError":"0","varNameError":"","errcmd":true,"editweb":"","removeComps":false,"removeEmbeds":false,"removeAttachments":false,"removeCompsE":false,"removeEmbedsE":false,"removeAttachmentsE":false,"di":false,"name":"Send Message"},{"storage":"0","varName":"","reason":"","name":"Delete Message"}],"comType":"0"},{"name":"mcl","permissions":"NONE","permissions2":"NONE","restriction":"1","_id":"uRmgv","actions":[{"channel":"6","count":"5","varName":"Канал","fixed":"true","bots":"false","hum":"true","user":"false","member":"0","varName2":"","acao":"игнорировать","storage":"0","varName3":"","iffalse":"0","iffalseVal":"","description":"","descriptionx":false,"descriptioncolor":"#ffffff","actionsError":[],"name":"Delete Bulk Messages MOD"},{"channel":"8","varName":"Канал","message":"${slashParams(\"Роль\")}","buttons":[],"selectMenus":[],"attachments":[],"embeds":[{"title":"СТАТИСТИКА MCL","url":"","color":"#009dff","colorrandom":false,"timestamp":true,"timestampper":"","imageUrl":"${slashParams(\"Картинка\")}","thumbUrl":"","description":"```ansi\n\u001b[2;34m\u001b[0m\u001b[2;34mТщательно изучив статистику турниров за эту неделю, рады предоставить WINRATE TIER FAMQ MCL ПО ВЕРСИИ MAJESTIC TV\u001b[0m\n```","fields":[],"author":"","authorUrl":"","authorIcon":"","footerText":"Обновлен","footerIconUrl":"","formula":"0","val1":"","comparar":"1","val2":""}],"reply":true,"ephemeral":false,"tts":false,"overwrite":false,"dontSend":false,"editMessage":"0","editMessageVarName":"","storage":"0","varName2":"","iffalse":"0","iffalseVal":"","descriptioncolor":"#ffffff","description":"","descriptionx":false,"storagewebhook":"0","varwebhook":"","webhookname":"","webhookavatar":"","messageoff":true,"mentions":true,"actionsError":[],"storageError":"0","varNameError":"","errcmd":true,"editweb":"","removeComps":false,"removeEmbeds":false,"removeAttachments":false,"removeCompsE":false,"removeEmbedsE":false,"removeAttachmentsE":false,"di":false,"name":"Send Message"}],"comType":"4","parameters":[{"name":"Картинка","description":"Картинка тира","type":"ATTACHMENT","required":true,"choices":null},{"name":"Канал","description":"Канал куда отправить сообщения","type":"CHANNEL","required":true,"choices":null},{"name":"Роль","description":"Пинг роль","type":"ROLE","required":true,"choices":null}]},{"name":"capt","permissions":"NONE","permissions2":"NONE","restriction":"1","_id":"exaZI","actions":[{"channel":"8","varName":"Канал","message":"${slashParams(\"Роль\")}","buttons":[],"selectMenus":[],"attachments":[],"embeds":[{"title":"СТАТИСТИКА CAPT","url":"","color":"#009dff","colorrandom":false,"timestamp":true,"timestampper":"","imageUrl":"${slashParams(\"Картинка\")}","thumbUrl":"","description":"```ansi\n\u001b[2;34m\u001b[0m\u001b[2;34mТщательно изучив статистику турниров за эту неделю, рады предоставить WINRATE TIER FAMQ CAPT ПО ВЕРСИИ MAJESTIC TV\u001b[0m\n```","fields":[],"author":"","authorUrl":"","authorIcon":"","footerText":"Обновлен","footerIconUrl":"","formula":"0","val1":"","comparar":"1","val2":""}],"reply":true,"ephemeral":false,"tts":false,"overwrite":false,"dontSend":false,"editMessage":"0","editMessageVarName":"","storage":"0","varName2":"","iffalse":"0","iffalseVal":"","descriptioncolor":"#ffffff","description":"","descriptionx":false,"storagewebhook":"0","varwebhook":"","webhookname":"","webhookavatar":"","messageoff":true,"mentions":true,"actionsError":[],"storageError":"0","varNameError":"","errcmd":true,"editweb":"","removeComps":false,"removeEmbeds":false,"removeAttachments":false,"removeCompsE":false,"removeEmbedsE":false,"removeAttachmentsE":false,"di":false,"name":"Send Message"}],"comType":"4","parameters":[{"name":"Картинка","description":"Картинка тира","type":"ATTACHMENT","required":true,"choices":null},{"name":"Канал","description":"Канал куда отправить сообщения","type":"CHANNEL","required":true,"choices":null},{"name":"Роль","description":"Пинг роль","type":"ROLE","required":true,"choices":null}]},{"name":"предложка2","permissions":"ADMINISTRATOR","permissions2":"NONE","restriction":"1","_id":"devwF","actions":[{"channel":"0","varName":"","message":"","buttons":[{"name":"New York","typeper":"","type":"SECONDARY","id":"msg-button-a0fb683","row":"","url":"","emoji":"","mode":"PERSISTENT","time":"","actions":[{"title":"Модальное окно","textInputs":[{"formato":"0","formula":"0","val1":"","comparar":"1","val2":"","name":"Результат капта/мкл","placeholder":"","value":"","minLength":"1","maxLength":"1000","row":"","style":"SHORT","required":"true","storage":"1","varName":"каптмкл"},{"formato":"0","formula":"0","val1":"","comparar":"1","val2":"","name":"Доказательства","placeholder":"Фото заливать на imgur","value":"","minLength":"1","maxLength":"1000","row":"","style":"SHORT","required":"true","storage":"1","varName":"пруф"}],"description":"","descriptionx":false,"descriptioncolor":"#ffffff","errcmd":true,"iffalse":"0","iffalseVal":"","storageError":"0","varNameError":"","actionsError":[],"name":"Show Modal MOD"},{"channel":"0","varName":"1345343312995029002","message":"Отправил - ${member}\n<@&1342968584963358852>","buttons":[],"selectMenus":[],"attachments":[],"embeds":[{"title":"","url":"","color":"","colorrandom":false,"timestamp":true,"timestampper":"","imageUrl":"","thumbUrl":"","description":"**Результат капта/мкл:**\n${tempVars(\"каптмкл\")}\n\n**Доказательства:**\n${tempVars(\"пруф\")}","fields":[],"author":"","authorUrl":"","authorIcon":"","footerText":"","footerIconUrl":"","formula":"0","val1":"","comparar":"1","val2":""}],"reply":true,"ephemeral":false,"tts":false,"overwrite":false,"dontSend":false,"editMessage":"0","editMessageVarName":"","storage":"0","varName2":"","iffalse":"0","iffalseVal":"","descriptioncolor":"#ffffff","description":"","descriptionx":false,"storagewebhook":"0","varwebhook":"","webhookname":"","webhookavatar":"","messageoff":true,"mentions":true,"actionsError":[],"storageError":"0","varNameError":"","errcmd":true,"editweb":"","removeComps":false,"removeEmbeds":false,"removeAttachments":false,"removeCompsE":false,"removeEmbedsE":false,"removeAttachmentsE":false,"di":false,"name":"Send Message"}],"val1":"","val2":"","comparar":"1","formula":"0"},{"name":"Detroit","typeper":"","type":"SECONDARY","id":"msg-button-d8f9acc","row":"","url":"","emoji":"","mode":"PERSISTENT","time":"","actions":[{"title":"Модальное окно","textInputs":[{"formato":"0","formula":"0","val1":"","comparar":"1","val2":"","name":"Результат капта/мкл","placeholder":"","value":"","minLength":"1","maxLength":"1000","row":"","style":"SHORT","required":"true","storage":"1","varName":"каптмкл"},{"formato":"0","formula":"0","val1":"","comparar":"1","val2":"","name":"Доказательства","placeholder":"Фото заливать на imgur","value":"","minLength":"1","maxLength":"1000","row":"","style":"SHORT","required":"true","storage":"1","varName":"пруф"}],"description":"","descriptionx":false,"descriptioncolor":"#ffffff","errcmd":true,"iffalse":"0","iffalseVal":"","storageError":"0","varNameError":"","actionsError":[],"name":"Show Modal MOD"},{"channel":"0","varName":"1345343312995029002","message":"Отправил - ${member}\n<@&1342968634678575144>","buttons":[],"selectMenus":[],"attachments":[],"embeds":[{"title":"","url":"","color":"","colorrandom":false,"timestamp":true,"timestampper":"","imageUrl":"","thumbUrl":"","description":"**Результат капта/мкл:**\n${tempVars(\"каптмкл\")}\n\n**Доказательства:**\n${tempVars(\"пруф\")}","fields":[],"author":"","authorUrl":"","authorIcon":"","footerText":"","footerIconUrl":"","formula":"0","val1":"","comparar":"1","val2":""}],"reply":true,"ephemeral":false,"tts":false,"overwrite":false,"dontSend":false,"editMessage":"0","editMessageVarName":"","storage":"0","varName2":"","iffalse":"0","iffalseVal":"","descriptioncolor":"#ffffff","description":"","descriptionx":false,"storagewebhook":"0","varwebhook":"","webhookname":"","webhookavatar":"","messageoff":true,"mentions":true,"actionsError":[],"storageError":"0","varNameError":"","errcmd":true,"editweb":"","removeComps":false,"removeEmbeds":false,"removeAttachments":false,"removeCompsE":false,"removeEmbedsE":false,"removeAttachmentsE":false,"di":false,"name":"Send Message"}],"val1":"","val2":"","comparar":"1","formula":"0"},{"name":"Chicago","typeper":"","type":"SECONDARY","id":"msg-button-02f238f","row":"","url":"","emoji":"","mode":"PERSISTENT","time":"","actions":[{"title":"Модальное окно","textInputs":[{"formato":"0","formula":"0","val1":"","comparar":"1","val2":"","name":"Результат капта/мкл","placeholder":"","value":"","minLength":"1","maxLength":"1000","row":"","style":"SHORT","required":"true","storage":"1","varName":"каптмкл"},{"formato":"0","formula":"0","val1":"","comparar":"1","val2":"","name":"Доказательства","placeholder":"Фото заливать на imgur","value":"","minLength":"1","maxLength":"1000","row":"","style":"SHORT","required":"true","storage":"1","varName":"пруф"}],"description":"","descriptionx":false,"descriptioncolor":"#ffffff","errcmd":true,"iffalse":"0","iffalseVal":"","storageError":"0","varNameError":"","actionsError":[],"name":"Show Modal MOD"},{"channel":"0","varName":"1345343312995029002","message":"Отправил - ${member}\n<@&1342968681394737223>","buttons":[],"selectMenus":[],"attachments":[],"embeds":[{"title":"","url":"","color":"","colorrandom":false,"timestamp":true,"timestampper":"","imageUrl":"","thumbUrl":"","description":"**Результат капта/мкл:**\n${tempVars(\"каптмкл\")}\n\n**Доказательства:**\n${tempVars(\"пруф\")}","fields":[],"author":"","authorUrl":"","authorIcon":"","footerText":"","footerIconUrl":"","formula":"0","val1":"","comparar":"1","val2":""}],"reply":true,"ephemeral":false,"tts":false,"overwrite":false,"dontSend":false,"editMessage":"0","editMessageVarName":"","storage":"0","varName2":"","iffalse":"0","iffalseVal":"","descriptioncolor":"#ffffff","description":"","descriptionx":false,"storagewebhook":"0","varwebhook":"","webhookname":"","webhookavatar":"","messageoff":true,"mentions":true,"actionsError":[],"storageError":"0","varNameError":"","errcmd":true,"editweb":"","removeComps":false,"removeEmbeds":false,"removeAttachments":false,"removeCompsE":false,"removeEmbedsE":false,"removeAttachmentsE":false,"di":false,"name":"Send Message"}],"val1":"","val2":"","comparar":"1","formula":"0"},{"name":"San Francisco","typeper":"","type":"SECONDARY","id":"msg-button-051fd69","row":"","url":"","emoji":"","mode":"PERSISTENT","time":"","actions":[{"title":"Модальное окно","textInputs":[{"formato":"0","formula":"0","val1":"","comparar":"1","val2":"","name":"Результат капта/мкл","placeholder":"","value":"","minLength":"1","maxLength":"1000","row":"","style":"SHORT","required":"true","storage":"1","varName":"каптмкл"},{"formato":"0","formula":"0","val1":"","comparar":"1","val2":"","name":"Доказательства","placeholder":"Фото заливать на imgur","value":"","minLength":"1","maxLength":"1000","row":"","style":"SHORT","required":"true","storage":"1","varName":"пруф"}],"description":"","descriptionx":false,"descriptioncolor":"#ffffff","errcmd":true,"iffalse":"0","iffalseVal":"","storageError":"0","varNameError":"","actionsError":[],"name":"Show Modal MOD"},{"channel":"0","varName":"1345343312995029002","message":"Отправил - ${member}\n<@&1342968724122112002>","buttons":[],"selectMenus":[],"attachments":[],"embeds":[{"title":"","url":"","color":"","colorrandom":false,"timestamp":true,"timestampper":"","imageUrl":"","thumbUrl":"","description":"**Результат капта/мкл:**\n${tempVars(\"каптмкл\")}\n\n**Доказательства:**\n${tempVars(\"пруф\")}","fields":[],"author":"","authorUrl":"","authorIcon":"","footerText":"","footerIconUrl":"","formula":"0","val1":"","comparar":"1","val2":""}],"reply":true,"ephemeral":false,"tts":false,"overwrite":false,"dontSend":false,"editMessage":"0","editMessageVarName":"","storage":"0","varName2":"","iffalse":"0","iffalseVal":"","descriptioncolor":"#ffffff","description":"","descriptionx":false,"storagewebhook":"0","varwebhook":"","webhookname":"","webhookavatar":"","messageoff":true,"mentions":true,"actionsError":[],"storageError":"0","varNameError":"","errcmd":true,"editweb":"","removeComps":false,"removeEmbeds":false,"removeAttachments":false,"removeCompsE":false,"removeEmbedsE":false,"removeAttachmentsE":false,"di":false,"name":"Send Message"}],"val1":"","val2":"","comparar":"1","formula":"0"},{"name":"Atlanta","typeper":"","type":"SECONDARY","id":"msg-button-083aa27","row":"","url":"","emoji":"","mode":"PERSISTENT","time":"","actions":[{"title":"Модальное окно","textInputs":[{"formato":"0","formula":"0","val1":"","comparar":"1","val2":"","name":"Результат капта/мкл","placeholder":"","value":"","minLength":"1","maxLength":"1000","row":"","style":"SHORT","required":"true","storage":"1","varName":"каптмкл"},{"formato":"0","formula":"0","val1":"","comparar":"1","val2":"","name":"Доказательства","placeholder":"Фото заливать на imgur","value":"","minLength":"1","maxLength":"1000","row":"","style":"SHORT","required":"true","storage":"1","varName":"пруф"}],"description":"","descriptionx":false,"descriptioncolor":"#ffffff","errcmd":true,"iffalse":"0","iffalseVal":"","storageError":"0","varNameError":"","actionsError":[],"name":"Show Modal MOD"},{"channel":"0","varName":"1345343312995029002","message":"Отправил - ${member}\n<@&1342968764513255454>","buttons":[],"selectMenus":[],"attachments":[],"embeds":[{"title":"","url":"","color":"","colorrandom":false,"timestamp":true,"timestampper":"","imageUrl":"","thumbUrl":"","description":"**Результат капта/мкл:**\n${tempVars(\"каптмкл\")}\n\n**Доказательства:**\n${tempVars(\"пруф\")}","fields":[],"author":"","authorUrl":"","authorIcon":"","footerText":"","footerIconUrl":"","formula":"0","val1":"","comparar":"1","val2":""}],"reply":true,"ephemeral":false,"tts":false,"overwrite":false,"dontSend":false,"editMessage":"0","editMessageVarName":"","storage":"0","varName2":"","iffalse":"0","iffalseVal":"","descriptioncolor":"#ffffff","description":"","descriptionx":false,"storagewebhook":"0","varwebhook":"","webhookname":"","webhookavatar":"","messageoff":true,"mentions":true,"actionsError":[],"storageError":"0","varNameError":"","errcmd":true,"editweb":"","removeComps":false,"removeEmbeds":false,"removeAttachments":false,"removeCompsE":false,"removeEmbedsE":false,"removeAttachmentsE":false,"di":false,"name":"Send Message"}],"val1":"","val2":"","comparar":"1","formula":"0"},{"name":"San Diego","typeper":"","type":"SECONDARY","id":"msg-button-b75c6d2","row":"","url":"","emoji":"","mode":"PERSISTENT","time":"","actions":[{"title":"Модальное окно","textInputs":[{"formato":"0","formula":"0","val1":"","comparar":"1","val2":"","name":"Результат капта/мкл","placeholder":"","value":"","minLength":"1","maxLength":"1000","row":"","style":"SHORT","required":"true","storage":"1","varName":"каптмкл"},{"formato":"0","formula":"0","val1":"","comparar":"1","val2":"","name":"Доказательства","placeholder":"Фото заливать на imgur","value":"","minLength":"1","maxLength":"1000","row":"","style":"SHORT","required":"true","storage":"1","varName":"пруф"}],"description":"","descriptionx":false,"descriptioncolor":"#ffffff","errcmd":true,"iffalse":"0","iffalseVal":"","storageError":"0","varNameError":"","actionsError":[],"name":"Show Modal MOD"},{"channel":"0","varName":"1345343312995029002","message":"Отправил - ${member}\n<@&1342968801498763386>","buttons":[],"selectMenus":[],"attachments":[],"embeds":[{"title":"","url":"","color":"","colorrandom":false,"timestamp":true,"timestampper":"","imageUrl":"","thumbUrl":"","description":"**Результат капта/мкл:**\n${tempVars(\"каптмкл\")}\n\n**Доказательства:**\n${tempVars(\"пруф\")}","fields":[],"author":"","authorUrl":"","authorIcon":"","footerText":"","footerIconUrl":"","formula":"0","val1":"","comparar":"1","val2":""}],"reply":true,"ephemeral":false,"tts":false,"overwrite":false,"dontSend":false,"editMessage":"0","editMessageVarName":"","storage":"0","varName2":"","iffalse":"0","iffalseVal":"","descriptioncolor":"#ffffff","description":"","descriptionx":false,"storagewebhook":"0","varwebhook":"","webhookname":"","webhookavatar":"","messageoff":true,"mentions":true,"actionsError":[],"storageError":"0","varNameError":"","errcmd":true,"editweb":"","removeComps":false,"removeEmbeds":false,"removeAttachments":false,"removeCompsE":false,"removeEmbedsE":false,"removeAttachmentsE":false,"di":false,"name":"Send Message"}],"val1":"","val2":"","comparar":"1","formula":"0"},{"name":"Los Angeles","typeper":"","type":"SECONDARY","id":"msg-button-a65c437","row":"","url":"","emoji":"","mode":"PERSISTENT","time":"","actions":[{"title":"Модальное окно","textInputs":[{"formato":"0","formula":"0","val1":"","comparar":"1","val2":"","name":"Результат капта/мкл","placeholder":"","value":"","minLength":"1","maxLength":"1000","row":"","style":"SHORT","required":"true","storage":"1","varName":"каптмкл"},{"formato":"0","formula":"0","val1":"","comparar":"1","val2":"","name":"Доказательства","placeholder":"Фото заливать на imgur","value":"","minLength":"1","maxLength":"1000","row":"","style":"SHORT","required":"true","storage":"1","varName":"пруф"}],"description":"","descriptionx":false,"descriptioncolor":"#ffffff","errcmd":true,"iffalse":"0","iffalseVal":"","storageError":"0","varNameError":"","actionsError":[],"name":"Show Modal MOD"},{"channel":"0","varName":"1345343312995029002","message":"Отправил - ${member}\n<@&1342968840216379412>","buttons":[],"selectMenus":[],"attachments":[],"embeds":[{"title":"","url":"","color":"","colorrandom":false,"timestamp":true,"timestampper":"","imageUrl":"","thumbUrl":"","description":"**Результат капта/мкл:**\n${tempVars(\"каптмкл\")}\n\n**Доказательства:**\n${tempVars(\"пруф\")}","fields":[],"author":"","authorUrl":"","authorIcon":"","footerText":"","footerIconUrl":"","formula":"0","val1":"","comparar":"1","val2":""}],"reply":true,"ephemeral":false,"tts":false,"overwrite":false,"dontSend":false,"editMessage":"0","editMessageVarName":"","storage":"0","varName2":"","iffalse":"0","iffalseVal":"","descriptioncolor":"#ffffff","description":"","descriptionx":false,"storagewebhook":"0","varwebhook":"","webhookname":"","webhookavatar":"","messageoff":true,"mentions":true,"actionsError":[],"storageError":"0","varNameError":"","errcmd":true,"editweb":"","removeComps":false,"removeEmbeds":false,"removeAttachments":false,"removeCompsE":false,"removeEmbedsE":false,"removeAttachmentsE":false,"di":false,"name":"Send Message"}],"val1":"","val2":"","comparar":"1","formula":"0"},{"name":"Miami","typeper":"","type":"SECONDARY","id":"msg-button-bc5164d","row":"","url":"","emoji":"","mode":"PERSISTENT","time":"","actions":[{"title":"Модальное окно","textInputs":[{"formato":"0","formula":"0","val1":"","comparar":"1","val2":"","name":"Результат капта/мкл","placeholder":"","value":"","minLength":"1","maxLength":"1000","row":"","style":"SHORT","required":"true","storage":"1","varName":"каптмкл"},{"formato":"0","formula":"0","val1":"","comparar":"1","val2":"","name":"Доказательства","placeholder":"Фото заливать на imgur","value":"","minLength":"1","maxLength":"1000","row":"","style":"SHORT","required":"true","storage":"1","varName":"пруф"}],"description":"","descriptionx":false,"descriptioncolor":"#ffffff","errcmd":true,"iffalse":"0","iffalseVal":"","storageError":"0","varNameError":"","actionsError":[],"name":"Show Modal MOD"},{"channel":"0","varName":"1345343312995029002","message":"Отправил - ${member}\n<@&1342968884998701129>","buttons":[],"selectMenus":[],"attachments":[],"embeds":[{"title":"","url":"","color":"","colorrandom":false,"timestamp":true,"timestampper":"","imageUrl":"","thumbUrl":"","description":"**Результат капта/мкл:**\n${tempVars(\"каптмкл\")}\n\n**Доказательства:**\n${tempVars(\"пруф\")}","fields":[],"author":"","authorUrl":"","authorIcon":"","footerText":"","footerIconUrl":"","formula":"0","val1":"","comparar":"1","val2":""}],"reply":true,"ephemeral":false,"tts":false,"overwrite":false,"dontSend":false,"editMessage":"0","editMessageVarName":"","storage":"0","varName2":"","iffalse":"0","iffalseVal":"","descriptioncolor":"#ffffff","description":"","descriptionx":false,"storagewebhook":"0","varwebhook":"","webhookname":"","webhookavatar":"","messageoff":true,"mentions":true,"actionsError":[],"storageError":"0","varNameError":"","errcmd":true,"editweb":"","removeComps":false,"removeEmbeds":false,"removeAttachments":false,"removeCompsE":false,"removeEmbedsE":false,"removeAttachmentsE":false,"di":false,"name":"Send Message"}],"val1":"","val2":"","comparar":"1","formula":"0"},{"name":"Las Vegas","typeper":"","type":"SECONDARY","id":"msg-button-c7e8902","row":"","url":"","emoji":"","mode":"PERSISTENT","time":"","actions":[{"title":"Модальное окно","textInputs":[{"formato":"0","formula":"0","val1":"","comparar":"1","val2":"","name":"Результат капта/мкл","placeholder":"","value":"","minLength":"1","maxLength":"1000","row":"","style":"SHORT","required":"true","storage":"1","varName":"каптмкл"},{"formato":"0","formula":"0","val1":"","comparar":"1","val2":"","name":"Доказательства","placeholder":"Фото заливать на imgur","value":"","minLength":"1","maxLength":"1000","row":"","style":"SHORT","required":"true","storage":"1","varName":"пруф"}],"description":"","descriptionx":false,"descriptioncolor":"#ffffff","errcmd":true,"iffalse":"0","iffalseVal":"","storageError":"0","varNameError":"","actionsError":[],"name":"Show Modal MOD"},{"channel":"0","varName":"1345343312995029002","message":"Отправил - ${member}\n<@&1342968953676501085>","buttons":[],"selectMenus":[],"attachments":[],"embeds":[{"title":"","url":"","color":"","colorrandom":false,"timestamp":true,"timestampper":"","imageUrl":"","thumbUrl":"","description":"**Результат капта/мкл:**\n${tempVars(\"каптмкл\")}\n\n**Доказательства:**\n${tempVars(\"пруф\")}","fields":[],"author":"","authorUrl":"","authorIcon":"","footerText":"","footerIconUrl":"","formula":"0","val1":"","comparar":"1","val2":""}],"reply":true,"ephemeral":false,"tts":false,"overwrite":false,"dontSend":false,"editMessage":"0","editMessageVarName":"","storage":"0","varName2":"","iffalse":"0","iffalseVal":"","descriptioncolor":"#ffffff","description":"","descriptionx":false,"storagewebhook":"0","varwebhook":"","webhookname":"","webhookavatar":"","messageoff":true,"mentions":true,"actionsError":[],"storageError":"0","varNameError":"","errcmd":true,"editweb":"","removeComps":false,"removeEmbeds":false,"removeAttachments":false,"removeCompsE":false,"removeEmbedsE":false,"removeAttachmentsE":false,"di":false,"name":"Send Message"}],"val1":"","val2":"","comparar":"1","formula":"0"},{"name":"Washington","typeper":"","type":"SECONDARY","id":"msg-button-02cc7f4","row":"","url":"","emoji":"","mode":"PERSISTENT","time":"","actions":[{"title":"Модальное окно","textInputs":[{"formato":"0","formula":"0","val1":"","comparar":"1","val2":"","name":"Результат капта/мкл","placeholder":"","value":"","minLength":"1","maxLength":"1000","row":"","style":"SHORT","required":"true","storage":"1","varName":"каптмкл"},{"formato":"0","formula":"0","val1":"","comparar":"1","val2":"","name":"Доказательства","placeholder":"Фото заливать на imgur","value":"","minLength":"1","maxLength":"1000","row":"","style":"SHORT","required":"true","storage":"1","varName":"пруф"}],"description":"","descriptionx":false,"descriptioncolor":"#ffffff","errcmd":true,"iffalse":"0","iffalseVal":"","storageError":"0","varNameError":"","actionsError":[],"name":"Show Modal MOD"},{"channel":"0","varName":"1345343312995029002","message":"Отправил - ${member}\n<@&1342969003857150113>","buttons":[],"selectMenus":[],"attachments":[],"embeds":[{"title":"","url":"","color":"","colorrandom":false,"timestamp":true,"timestampper":"","imageUrl":"","thumbUrl":"","description":"**Результат капта/мкл:**\n${tempVars(\"каптмкл\")}\n\n**Доказательства:**\n${tempVars(\"пруф\")}","fields":[],"author":"","authorUrl":"","authorIcon":"","footerText":"","footerIconUrl":"","formula":"0","val1":"","comparar":"1","val2":""}],"reply":true,"ephemeral":false,"tts":false,"overwrite":false,"dontSend":false,"editMessage":"0","editMessageVarName":"","storage":"0","varName2":"","iffalse":"0","iffalseVal":"","descriptioncolor":"#ffffff","description":"","descriptionx":false,"storagewebhook":"0","varwebhook":"","webhookname":"","webhookavatar":"","messageoff":true,"mentions":true,"actionsError":[],"storageError":"0","varNameError":"","errcmd":true,"editweb":"","removeComps":false,"removeEmbeds":false,"removeAttachments":false,"removeCompsE":false,"removeEmbedsE":false,"removeAttachmentsE":false,"di":false,"name":"Send Message"}],"val1":"","val2":"","comparar":"1","formula":"0"},{"name":"Dallas","typeper":"","type":"SECONDARY","id":"msg-button-6c4ee26","row":"","url":"","emoji":"","mode":"PERSISTENT","time":"","actions":[{"title":"Модальное окно","textInputs":[{"formato":"0","formula":"0","val1":"","comparar":"1","val2":"","name":"Результат капта/мкл","placeholder":"","value":"","minLength":"1","maxLength":"1000","row":"","style":"SHORT","required":"true","storage":"1","varName":"каптмкл"},{"formato":"0","formula":"0","val1":"","comparar":"1","val2":"","name":"Доказательства","placeholder":"Фото заливать на imgur","value":"","minLength":"1","maxLength":"1000","row":"","style":"SHORT","required":"true","storage":"1","varName":"пруф"}],"description":"","descriptionx":false,"descriptioncolor":"#ffffff","errcmd":true,"iffalse":"0","iffalseVal":"","storageError":"0","varNameError":"","actionsError":[],"name":"Show Modal MOD"},{"channel":"0","varName":"1345343312995029002","message":"Отправил - ${member}\n<@&1342979303608029204>","buttons":[],"selectMenus":[],"attachments":[],"embeds":[{"title":"","url":"","color":"","colorrandom":false,"timestamp":true,"timestampper":"","imageUrl":"","thumbUrl":"","description":"**Результат капта/мкл:**\n${tempVars(\"каптмкл\")}\n\n**Доказательства:**\n${tempVars(\"пруф\")}","fields":[],"author":"","authorUrl":"","authorIcon":"","footerText":"","footerIconUrl":"","formula":"0","val1":"","comparar":"1","val2":""}],"reply":true,"ephemeral":false,"tts":false,"overwrite":false,"dontSend":false,"editMessage":"0","editMessageVarName":"","storage":"0","varName2":"","iffalse":"0","iffalseVal":"","descriptioncolor":"#ffffff","description":"","descriptionx":false,"storagewebhook":"0","varwebhook":"","webhookname":"","webhookavatar":"","messageoff":true,"mentions":true,"actionsError":[],"storageError":"0","varNameError":"","errcmd":true,"editweb":"","removeComps":false,"removeEmbeds":false,"removeAttachments":false,"removeCompsE":false,"removeEmbedsE":false,"removeAttachmentsE":false,"di":false,"name":"Send Message"}],"val1":"","val2":"","comparar":"1","formula":"0"},{"name":"Boston","typeper":"","type":"SECONDARY","id":"msg-button-ff0a12c","row":"","url":"","emoji":"","mode":"PERSISTENT","time":"","actions":[{"title":"Модальное окно","textInputs":[{"formato":"0","formula":"0","val1":"","comparar":"1","val2":"","name":"Результат капта/мкл","placeholder":"","value":"","minLength":"1","maxLength":"1000","row":"","style":"SHORT","required":"true","storage":"1","varName":"каптмкл"},{"formato":"0","formula":"0","val1":"","comparar":"1","val2":"","name":"Доказательства","placeholder":"Фото заливать на imgur","value":"","minLength":"1","maxLength":"1000","row":"","style":"SHORT","required":"true","storage":"1","varName":"пруф"}],"description":"","descriptionx":false,"descriptioncolor":"#ffffff","errcmd":true,"iffalse":"0","iffalseVal":"","storageError":"0","varNameError":"","actionsError":[],"name":"Show Modal MOD"},{"channel":"0","varName":"1345343312995029002","message":"Отправил - ${member}\n<@&1342969080704925798>","buttons":[],"selectMenus":[],"attachments":[],"embeds":[{"title":"","url":"","color":"","colorrandom":false,"timestamp":true,"timestampper":"","imageUrl":"","thumbUrl":"","description":"**Результат капта/мкл:**\n${tempVars(\"каптмкл\")}\n\n**Доказательства:**\n${tempVars(\"пруф\")}","fields":[],"author":"","authorUrl":"","authorIcon":"","footerText":"","footerIconUrl":"","formula":"0","val1":"","comparar":"1","val2":""}],"reply":true,"ephemeral":false,"tts":false,"overwrite":false,"dontSend":false,"editMessage":"0","editMessageVarName":"","storage":"0","varName2":"","iffalse":"0","iffalseVal":"","descriptioncolor":"#ffffff","description":"","descriptionx":false,"storagewebhook":"0","varwebhook":"","webhookname":"","webhookavatar":"","messageoff":true,"mentions":true,"actionsError":[],"storageError":"0","varNameError":"","errcmd":true,"editweb":"","removeComps":false,"removeEmbeds":false,"removeAttachments":false,"removeCompsE":false,"removeEmbedsE":false,"removeAttachmentsE":false,"di":false,"name":"Send Message"}],"val1":"","val2":"","comparar":"1","formula":"0"},{"name":"Houston","typeper":"","type":"SECONDARY","id":"msg-button-65dd5a7","row":"","url":"","emoji":"","mode":"PERSISTENT","time":"","actions":[{"title":"Модальное окно","textInputs":[{"formato":"0","formula":"0","val1":"","comparar":"1","val2":"","name":"Результат капта/мкл","placeholder":"","value":"","minLength":"1","maxLength":"1000","row":"","style":"SHORT","required":"true","storage":"1","varName":"каптмкл"},{"formato":"0","formula":"0","val1":"","comparar":"1","val2":"","name":"Доказательства","placeholder":"Фото заливать на imgur","value":"","minLength":"1","maxLength":"1000","row":"","style":"SHORT","required":"true","storage":"1","varName":"пруф"}],"description":"","descriptionx":false,"descriptioncolor":"#ffffff","errcmd":true,"iffalse":"0","iffalseVal":"","storageError":"0","varNameError":"","actionsError":[],"name":"Show Modal MOD"},{"channel":"0","varName":"1345343312995029002","message":"Отправил - ${member}\n<@&1342969149617606838>","buttons":[],"selectMenus":[],"attachments":[],"embeds":[{"title":"","url":"","color":"","colorrandom":false,"timestamp":true,"timestampper":"","imageUrl":"","thumbUrl":"","description":"**Результат капта/мкл:**\n${tempVars(\"каптмкл\")}\n\n**Доказательства:**\n${tempVars(\"пруф\")}","fields":[],"author":"","authorUrl":"","authorIcon":"","footerText":"","footerIconUrl":"","formula":"0","val1":"","comparar":"1","val2":""}],"reply":true,"ephemeral":false,"tts":false,"overwrite":false,"dontSend":false,"editMessage":"0","editMessageVarName":"","storage":"0","varName2":"","iffalse":"0","iffalseVal":"","descriptioncolor":"#ffffff","description":"","descriptionx":false,"storagewebhook":"0","varwebhook":"","webhookname":"","webhookavatar":"","messageoff":true,"mentions":true,"actionsError":[],"storageError":"0","varNameError":"","errcmd":true,"editweb":"","removeComps":false,"removeEmbeds":false,"removeAttachments":false,"removeCompsE":false,"removeEmbedsE":false,"removeAttachmentsE":false,"di":false,"name":"Send Message"}],"val1":"","val2":"","comparar":"1","formula":"0"},{"name":"Seattle","typeper":"","type":"SECONDARY","id":"msg-button-19def05","row":"","url":"","emoji":"","mode":"PERSISTENT","time":"","actions":[{"title":"Модальное окно","textInputs":[{"formato":"0","formula":"0","val1":"","comparar":"1","val2":"","name":"Результат капта/мкл","placeholder":"","value":"","minLength":"1","maxLength":"1000","row":"","style":"SHORT","required":"true","storage":"1","varName":"каптмкл"},{"formato":"0","formula":"0","val1":"","comparar":"1","val2":"","name":"Доказательства","placeholder":"Фото заливать на imgur","value":"","minLength":"1","maxLength":"1000","row":"","style":"SHORT","required":"true","storage":"1","varName":"пруф"}],"description":"","descriptionx":false,"descriptioncolor":"#ffffff","errcmd":true,"iffalse":"0","iffalseVal":"","storageError":"0","varNameError":"","actionsError":[],"name":"Show Modal MOD"},{"channel":"0","varName":"1345343312995029002","message":"Отправил - ${member}\n<@&1342969190566330550>","buttons":[],"selectMenus":[],"attachments":[],"embeds":[{"title":"","url":"","color":"","colorrandom":false,"timestamp":true,"timestampper":"","imageUrl":"","thumbUrl":"","description":"**Результат капта/мкл:**\n${tempVars(\"каптмкл\")}\n\n**Доказательства:**\n${tempVars(\"пруф\")}","fields":[],"author":"","authorUrl":"","authorIcon":"","footerText":"","footerIconUrl":"","formula":"0","val1":"","comparar":"1","val2":""}],"reply":true,"ephemeral":false,"tts":false,"overwrite":false,"dontSend":false,"editMessage":"0","editMessageVarName":"","storage":"0","varName2":"","iffalse":"0","iffalseVal":"","descriptioncolor":"#ffffff","description":"","descriptionx":false,"storagewebhook":"0","varwebhook":"","webhookname":"","webhookavatar":"","messageoff":true,"mentions":true,"actionsError":[],"storageError":"0","varNameError":"","errcmd":true,"editweb":"","removeComps":false,"removeEmbeds":false,"removeAttachments":false,"removeCompsE":false,"removeEmbedsE":false,"removeAttachmentsE":false,"di":false,"name":"Send Message"}],"val1":"","val2":"","comparar":"1","formula":"0"}],"selectMenus":[],"attachments":[],"embeds":[{"title":"Мы начинаем вести полную статистику CAPT и MCL для публикации новостей и заполнения таблицы! Хотите чтобы Ваша семья была в топе сервера? Отправляйте нам информацию!","url":"","color":"","colorrandom":false,"timestamp":false,"timestampper":"","imageUrl":"https://media.discordapp.net/attachments/1339912989188558912/1347198024362754090/280d6e821022e987.png?ex=67caf36e&is=67c9a1ee&hm=d385926ae275767ba52b2b37912c7fea06b470f89e8859ac02bd11db2a56c56b&=&format=webp&quality=lossless","thumbUrl":"","description":"","fields":[],"author":"","authorUrl":"","authorIcon":"","footerText":"","footerIconUrl":"","formula":"0","val1":"","comparar":"1","val2":""}],"reply":true,"ephemeral":false,"tts":false,"overwrite":false,"dontSend":false,"editMessage":"0","editMessageVarName":"","storage":"0","varName2":"","iffalse":"0","iffalseVal":"","descriptioncolor":"#ffffff","description":"","descriptionx":false,"storagewebhook":"0","varwebhook":"","webhookname":"","webhookavatar":"","messageoff":true,"mentions":true,"actionsError":[],"storageError":"0","varNameError":"","errcmd":true,"editweb":"","removeComps":false,"removeEmbeds":false,"removeAttachments":false,"removeCompsE":false,"removeEmbedsE":false,"removeAttachmentsE":false,"di":false,"name":"Send Message"},{"storage":"0","varName":"","reason":"","name":"Delete Message"}],"comType":"0"}]