[null,{"name":"ошибка","temp":"error","event-type":"37","_id":"MaIHH","actions":[{"channel":"101","varName":"1051902154836824084","message":"Ошибка:\n```${tempVars(\"error\")}```","buttons":[],"selectMenus":[],"attachments":[],"embeds":[],"reply":true,"ephemeral":false,"tts":false,"overwrite":false,"dontSend":false,"editMessage":"0","editMessageVarName":"","storage":"0","varName2":"","iffalse":"0","iffalseVal":"","descriptioncolor":"#ffffff","description":"","descriptionx":false,"storagewebhook":"0","varwebhook":"","webhookname":"","webhookavatar":"","messageoff":true,"mentions":true,"actionsError":[],"storageError":"0","varNameError":"","errcmd":true,"editweb":"","removeComps":false,"removeEmbeds":false,"removeAttachments":false,"removeCompsE":false,"removeEmbedsE":false,"removeAttachmentsE":false,"di":false,"name":"Send Message"}]},{"name":"бот старт","temp":"","event-type":"48","_id":"IpbiH","actions":[{"channel":"101","varName":"1051902154836824084","message":"","buttons":[],"selectMenus":[],"attachments":[],"embeds":[{"title":"✅ Бот запущен","url":"","color":"#00ff08","colorrandom":false,"timestamp":true,"timestampper":"","imageUrl":"","thumbUrl":"","description":"","fields":[],"author":"","authorUrl":"","authorIcon":"","footerText":"","footerIconUrl":"","formula":"0","val1":"","comparar":"1","val2":""}],"reply":false,"ephemeral":false,"tts":false,"overwrite":false,"dontSend":false,"editMessage":"0","editMessageVarName":"","storage":"0","varName2":"","iffalse":"1","iffalseVal":"","descriptioncolor":"#ffffff","description":"","descriptionx":false,"storagewebhook":"0","varwebhook":"","webhookname":"","webhookavatar":"","messageoff":false,"mentions":false,"actionsError":[],"storageError":"0","varNameError":"","errcmd":true,"editweb":"","removeComps":false,"removeEmbeds":false,"removeAttachments":false,"removeCompsE":false,"removeEmbedsE":false,"removeAttachmentsE":false,"di":false,"name":"Send Message"},{"gameName":"discord.gg/MJTV","gameLink":"","activityType":"LISTENING","name":"Set Bot Game"}]}]